{"eval/loss": 0.3183160722255707, "eval/mAP": 0.9321352979936235, "eval/mRR": 0.9926470588235294, "eval/runtime": 3.1352, "eval/samples_per_second": 459.939, "eval/steps_per_second": 29.025, "train/global_step": 0, "_timestamp": 1698851691.228592, "_runtime": 6709.8693289756775, "_step": 104, "train/loss": 0.1089, "train/learning_rate": 1.6971149046620744e-09, "train/epoch": 3.0, "train/train_runtime": 850.9625, "train/train_samples_per_second": 188.317, "train/train_steps_per_second": 11.771, "train/total_flos": 682325065417320.0, "train/train_loss": 0.13358091179858286}