{"eval/loss": 0.7127169370651245, "eval/mAP": 0.8453589951771969, "eval/mRR": 0.9191176470588235, "eval/runtime": 13.6563, "eval/samples_per_second": 105.593, "eval/steps_per_second": 3.368, "train/global_step": 0, "_timestamp": 1698838683.3399243, "_runtime": 507.37235832214355, "_step": 2}