{"eval/loss": 0.39751845598220825, "eval/mAP": 0.8946786158948343, "eval/mRR": 0.9556962025316456, "eval/runtime": 29.5555, "eval/samples_per_second": 79.207, "eval/steps_per_second": 2.504, "train/global_step": 0, "_timestamp": 1698797501.790971, "_runtime": 4135.941271066666, "_step": 13, "train/epoch": 3.0, "train/loss": 0.0397, "train/learning_rate": 3.8499384993849937e-07, "train/train_runtime": 1188.179, "train/train_samples_per_second": 21.843, "train/train_steps_per_second": 0.684, "train/total_flos": 544804776371688.0, "train/train_loss": 0.042008445711593345}