{"eval/loss": 1.206527590751648, "eval/mAP": 0.8840168712540487, "eval/mRR": 0.8523206751054853, "eval/runtime": 14.266, "eval/samples_per_second": 164.096, "eval/steps_per_second": 10.304, "train/global_step": 0, "_timestamp": 1698898555.4301195, "_runtime": 1072.85018658638, "_step": 13, "train/loss": 0.6423, "train/learning_rate": 7.578558225508317e-08, "train/epoch": 3.0, "train/train_runtime": 386.9172, "train/train_samples_per_second": 67.076, "train/train_steps_per_second": 4.195, "train/total_flos": 973207196563020.0, "train/train_loss": 0.712338318886466}