{"train/loss": 0.2097, "train/learning_rate": 7.578558225508317e-08, "train/epoch": 6.0, "train/global_step": 0, "_timestamp": 1699181894.774057, "_runtime": 3325.061168909073, "_step": 110, "eval/loss": 0.26955655217170715, "eval/mAP": 0.884721691516638, "eval/mRR": 0.9810126582278481, "eval/runtime": 8.7191, "eval/samples_per_second": 268.492, "eval/steps_per_second": 16.86, "train/train_runtime": 433.3604, "train/train_samples_per_second": 119.776, "train/train_steps_per_second": 7.49, "train/total_flos": 964353348101712.0, "train/train_loss": 0.2761785856236371}