{"train/loss": 0.4624, "train/learning_rate": 7.578558225508317e-08, "train/epoch": 6.0, "train/global_step": 0, "_timestamp": 1698905237.035276, "_runtime": 3535.708638906479, "_step": 57, "eval/loss": 0.31764718890190125, "eval/mAP": 0.8034285191941252, "eval/mRR": 1.0, "eval/runtime": 14.2891, "eval/samples_per_second": 163.831, "eval/steps_per_second": 10.288, "train/train_runtime": 731.4872, "train/train_samples_per_second": 70.96, "train/train_steps_per_second": 4.438, "train/total_flos": 1911734608807740.0, "train/train_loss": 0.480117595717265}