{"eval/loss": 0.4316791892051697, "eval/mAP": 0.9594313453536755, "eval/MRR": 0.9594313453536755, "eval/runtime": 3.3455, "eval/samples_per_second": 431.025, "eval/steps_per_second": 13.75, "train/global_step": 0, "_timestamp": 1698708759.6453683, "_runtime": 2107.1994132995605, "_step": 29, "train/epoch": 3.0, "train/loss": 0.0305, "train/learning_rate": 3.992015968063872e-08, "train/train_runtime": 748.1523, "train/train_samples_per_second": 214.196, "train/train_steps_per_second": 6.696, "train/total_flos": 3838540151528412.0, "train/train_loss": 0.07487816864442444, "_wandb": {"runtime": 1073}}