{"eval/loss": 0.28860151767730713, "eval/mAP": 0.9148906075181711, "eval/mRR": 0.9779411764705882, "eval/runtime": 8.7668, "eval/samples_per_second": 164.484, "eval/steps_per_second": 10.38, "train/global_step": 0, "_timestamp": 1698868570.1401305, "_runtime": 6886.880757570267, "_step": 77, "train/loss": 0.129, "train/learning_rate": 1.6971149046620744e-09, "train/epoch": 3.0, "train/train_runtime": 2114.8508, "train/train_samples_per_second": 75.774, "train/train_steps_per_second": 4.737, "train/total_flos": 6760291692548700.0, "train/train_loss": 0.16970100480900607, "_wandb": {"runtime": 5733}}