{"eval/loss": 0.2939509451389313, "eval/mAP": 0.8605132160429565, "eval/mRR": 0.9767932489451476, "eval/runtime": 14.0987, "eval/samples_per_second": 166.044, "eval/steps_per_second": 10.427, "train/global_step": 0, "_timestamp": 1698842781.8780847, "_runtime": 1304.6317267417908, "_step": 26, "train/loss": 0.2845, "train/learning_rate": 7.578558225508317e-08, "train/epoch": 3.0, "train/train_runtime": 364.8806, "train/train_samples_per_second": 71.127, "train/train_steps_per_second": 4.448, "train/total_flos": 955521200310540.0, "train/train_loss": 0.3559115721866516, "_wandb": {"runtime": 1098}}